Real,banda
Real,baza
Real,braza
Real,caballa
Real,caña
Real,cepa
Real,cigarra
Real,cinta
Real,coca
Real,cochinilla
Real,correa
Real,costa
Real,cota
Real,cuaderna
Real,cuba
Real,cuenca
Real,fauna
Real,feta
Real,foca
Real,fonda
Real,gimnasia
Real,gotera
Real,grama
Real,libreta
Real,loma
Real,moda
Real,plata
Real,plaza
Real,puerta
Real,pulpa
Real,pupila
Real,rama
Real,rodilla
Real,rótula
Real,rumba
Real,sátira
Real,seta
Real,sigla
Real,solana
Real,tina
Real,tormenta
Real,trompa
Real,tuba
Real,zapata
Real,bando
Real,bazo
Real,brazo
Real,caballo
Real,caño
Real,cepo
Real,cigarro
Real,cinto
Real,coco
Real,cochinillo
Real,correo
Real,costo
Real,coto
Real,cuaderno
Real,cubo
Real,cuenco
Real,fauno
Real,feto
Real,foco
Real,fondo
Real,gimnasio
Real,gotero
Real,gramo
Real,libreto
Real,lomo
Real,modo
Real,plato
Real,plazo
Real,puerto
Real,pulpo
Real,pupilo
Real,ramo
Real,rodillo
Real,rótulo
Real,rumbo
Real,sátiro
Real,seto
Real,siglo
Real,solano
Real,tino
Real,tormento
Real,trompo
Real,tubo
Real,zapato
Real,etapa
Real,popa
Real,tiara
Real,visera
Real,lema
Real,aura
Real,arcada
Real,magia
Real,cuna
Real,monserga
Real,fobia
Real,letra
Real,musa
Real,algarada
Real,urna
Real,comuna
Real,falda
Real,coba
Real,lira
Real,paria
Real,catarata
Real,alpaca
Real,sarta
Real,brigada
Real,lupa
Real,caja
Real,pieza
Real,deuda
Real,cabeza
Real,rampa
Real,flauta
Real,aula
Real,esfera
Real,nutria
Real,balsa
Real,proeza
Real,duna
Real,selva
Real,picota
Real,arpa
Real,criatura
Real,tarima
Real,tila
Real,canica
Real,circo
Real,loto
Real,polvo
Real,exceso
Real,yeso
Real,olmo
Real,pleito
Real,junco
Real,ocio
Real,mendrugo
Real,ritmo
Real,metro
Real,lino
Real,trayecto
Real,nodo
Real,edicto
Real,pesto
Real,nido
Real,jugo
Real,fuego
Real,espectro
Real,capazo
Real,rubro
Real,pantano
Real,cono
Real,cabo
Real,ruido
Real,cielo
Real,teatro
Real,ocaso
Real,racimo
Real,rito
Real,retazo
Real,tracto
Real,barco
Real,sobaco
Real,tamo
Real,miedo
Real,cedazo
Real,silo
Real,orificio
Real,legajo
Real,pozo
Real,espejo
Not Real,daldo
Not Real,rava
Not Real,fraña
Not Real,cazicha
Not Real,maba
Not Real,cina
Not Real,cidicha
Not Real,custa
Not Real,moga
Not Real,cotlericha
Not Real,mirria
Not Real,masta
Not Real,tofa
Not Real,cualarsa
Not Real,miba
Not Real,ciesca
Not Real,faira
Not Real,bita
Not Real,gona
Not Real,lenda
Not Real,gosdasia
Not Real,folena
Not Real,prasa
Not Real,jiplena
Not Real,fopa
Not Real,pona
Not Real,brada
Not Real,fraja
Not Real,pianta
Not Real,punra
Not Real,mubala
Not Real,sasa
Not Real,dogalla
Not Real,doduza
Not Real,rimpa
Not Real,madara
Not Real,leca
Not Real,rifra
Not Real,dorina
Not Real,ripa
Not Real,borbanta
Not Real,trimba
Not Real,tija
Not Real,farana
Not Real,fendo
Not Real,laño
Not Real,plavo
Not Real,caparro
Not Real,pafo
Not Real,cijo
Not Real,cipicho
Not Real,micto
Not Real,pojo
Not Real,cotlecirro
Not Real,mecheo
Not Real,cucto
Not Real,poño
Not Real,cusbarno
Not Real,puco
Not Real,caisco
Not Real,fiemo
Not Real,dito
Not Real,roro
Not Real,vindo
Not Real,fulnasio
Not Real,fomero
Not Real,crano
Not Real,biclero
Not Real,rono
Not Real,tofo
Not Real,flada
Not Real,glajo
Not Real,pausto
Not Real,pusbo
Not Real,murila
Not Real,tago
Not Real,sopallo
Not Real,dosumo
Not Real,runzo
Not Real,pasino
Not Real,redo
Not Real,tifro
Not Real,tonaco
Not Real,sica
Not Real,tonranto
Not Real,tropso
Not Real,buño
Not Real,zaniro